THK_A,TOP_A,thick1,thick2
30000,28,2.0,4.0
30000,28,2.0,4.0
30000,28,2.0,4.0
30000,28,2.0,4.0
30000,28,2.0,4.0
30000,28,2.543134658024141,3.456865341975859
30000,28,2.543134658024141,3.456865341975859
30000,28,3.1332716846099578,2.8667283153900422
30000,28,3.1332716846099578,2.8667283153900422
30000,28,3.1332716846099578,2.8667283153900422
30000,28,3.1332716846099578,2.8667283153900422
30000,28,3.1332716846099578,2.8667283153900422
30000,28,3.1332716846099578,2.8667283153900422
30000,28,3.1332716846099578,2.8667283153900422
30000,28,3.1332716846099578,2.8667283153900422
30000,28,3.1332716846099578,2.8667283153900422
30000,28,3.1332716846099578,2.8667283153900422
30000,28,3.1332716846099578,2.8667283153900422
30000,28,3.1332716846099578,2.8667283153900422
30000,28,3.1332716846099578,2.8667283153900422
30000,28,3.6166798258207917,2.3833201741792083
30000,28,3.6166798258207917,2.3833201741792083
30000,28,3.6166798258207917,2.3833201741792083
30000,28,3.6166798258207917,2.3833201741792083
30000,28,3.6166798258207917,2.3833201741792083
30000,28,3.6166798258207917,2.3833201741792083
30000,28,3.6166798258207917,2.3833201741792083
30000,28,3.6166798258207917,2.3833201741792083
30000,28,3.6166798258207917,2.3833201741792083
30000,28,3.6166798258207917,2.3833201741792083
30000,28,3.6166798258207917,2.3833201741792083
30000,28,3.6166798258207917,2.3833201741792083
30000,28,3.6166798258207917,2.3833201741792083
30000,28,3.6166798258207917,2.3833201741792083
30000,28,3.9750767198796533,2.0249232801203467
30000,28,3.9750767198796533,2.0249232801203467
30000,28,3.9750767198796533,2.0249232801203467
30000,28,3.9750767198796533,2.0249232801203467
30000,28,3.9750767198796533,2.0249232801203467
30000,28,3.9750767198796533,2.0249232801203467
30000,28,3.9750767198796533,2.0249232801203467
30000,28,3.9750767198796533,2.0249232801203467
30000,28,3.9750767198796533,2.0249232801203467
28000,30,4.0,2.0
28000,30,4.0,2.0
28000,30,4.0,2.0
28000,30,4.0,2.0
28000,30,4.0,2.0
28000,30,4.0,2.0
28000,30,4.0,2.0
28000,30,4.0,2.0
28000,30,4.0,2.0
28000,30,3.6023153058366937,2.3976846941633063
28000,30,3.6023153058366937,2.3976846941633063
28000,30,3.6023153058366937,2.3976846941633063
28000,30,3.6023153058366937,2.3976846941633063
28000,30,3.6023153058366937,2.3976846941633063
28000,30,3.6023153058366937,2.3976846941633063
28000,30,3.6023153058366937,2.3976846941633063
28000,30,3.6023153058366937,2.3976846941633063
28000,30,3.6023153058366937,2.3976846941633063
28000,30,3.6023153058366937,2.3976846941633063
28000,30,3.6023153058366937,2.3976846941633063
28000,30,3.6023153058366937,2.3976846941633063
28000,30,3.2826699775301496,2.7173300224698504
28000,30,3.2826699775301496,2.7173300224698504
28000,30,3.2826699775301496,2.7173300224698504
28000,30,3.2826699775301496,2.7173300224698504
28000,30,2.7512188920718605,3.2487811079281395
28000,30,2.7512188920718605,3.2487811079281395
28000,30,2.7512188920718605,3.2487811079281395
28000,30,2.7512188920718605,3.2487811079281395
28000,30,2.7512188920718605,3.2487811079281395
28000,30,2.190638475693552,3.809361524306448
28000,30,2.190638475693552,3.809361524306448
28000,30,2.190638475693552,3.809361524306448
28000,30,2.190638475693552,3.809361524306448
28000,30,2.190638475693552,3.809361524306448
28000,30,2.190638475693552,3.809361524306448
28000,30,2.190638475693552,3.809361524306448
28000,30,2.190638475693552,3.809361524306448
28000,30,2.190638475693552,3.809361524306448
28000,30,2.190638475693552,3.809361524306448
28000,30,2.190638475693552,3.809361524306448
28000,30,2.190638475693552,3.809361524306448
30000,28,2.0,4.0
30000,28,2.0,4.0
30000,28,2.0,4.0
30000,28,2.0,4.0
30000,28,2.0,4.0
30000,28,2.0,4.0
30000,28,2.0,4.0
30000,28,2.0,4.0
30000,28,2.0,4.0
30000,28,2.413962418549864,3.586037581450136
30000,28,2.413962418549864,3.586037581450136
30000,28,2.413962418549864,3.586037581450136
30000,28,2.413962418549864,3.586037581450136
30000,28,2.413962418549864,3.586037581450136
30000,28,2.413962418549864,3.586037581450136
30000,28,2.413962418549864,3.586037581450136
30000,28,2.413962418549864,3.586037581450136
30000,28,2.413962418549864,3.586037581450136
30000,28,2.413962418549864,3.586037581450136
30000,28,2.7234449910823217,3.2765550089176783
30000,28,2.7234449910823217,3.2765550089176783
30000,28,2.7234449910823217,3.2765550089176783
30000,28,2.7234449910823217,3.2765550089176783
30000,28,2.7234449910823217,3.2765550089176783
30000,28,2.7234449910823217,3.2765550089176783
30000,28,2.7234449910823217,3.2765550089176783
30000,28,2.7234449910823217,3.2765550089176783
30000,28,2.7234449910823217,3.2765550089176783
30000,28,2.7234449910823217,3.2765550089176783
30000,28,2.7234449910823217,3.2765550089176783
30000,28,3.180197051453797,2.819802948546203
30000,28,3.180197051453797,2.819802948546203
30000,28,3.180197051453797,2.819802948546203
30000,28,3.180197051453797,2.819802948546203
30000,28,3.180197051453797,2.819802948546203
30000,28,3.180197051453797,2.819802948546203
30000,28,3.180197051453797,2.819802948546203
30000,28,3.180197051453797,2.819802948546203
30000,28,3.180197051453797,2.819802948546203
30000,28,3.180197051453797,2.819802948546203
30000,28,3.629517276491992,2.370482723508008
30000,28,3.629517276491992,2.370482723508008
30000,28,3.629517276491992,2.370482723508008
30000,28,3.629517276491992,2.370482723508008
30000,28,3.629517276491992,2.370482723508008
30000,28,3.629517276491992,2.370482723508008
30000,28,3.629517276491992,2.370482723508008
30000,28,3.629517276491992,2.370482723508008
28000,30,4.0,2.0
28000,30,4.0,2.0
28000,30,4.0,2.0
28000,30,4.0,2.0
28000,30,4.0,2.0
28000,30,4.0,2.0
28000,30,4.0,2.0
28000,30,3.68222559355534,2.31777440644466
28000,30,3.68222559355534,2.31777440644466
28000,30,3.68222559355534,2.31777440644466
28000,30,3.68222559355534,2.31777440644466
28000,30,3.68222559355534,2.31777440644466
28000,30,3.68222559355534,2.31777440644466
28000,30,3.68222559355534,2.31777440644466
28000,30,3.68222559355534,2.31777440644466
28000,30,3.68222559355534,2.31777440644466
28000,30,3.68222559355534,2.31777440644466
28000,30,3.68222559355534,2.31777440644466
28000,30,3.326528671540002,2.673471328459998
28000,30,3.326528671540002,2.673471328459998
28000,30,3.326528671540002,2.673471328459998
28000,30,3.326528671540002,2.673471328459998
28000,30,3.326528671540002,2.673471328459998
28000,30,3.326528671540002,2.673471328459998
28000,30,3.326528671540002,2.673471328459998
28000,30,3.326528671540002,2.673471328459998
28000,30,2.8452596961515737,3.1547403038484263
28000,30,2.8452596961515737,3.1547403038484263
28000,30,2.8452596961515737,3.1547403038484263
28000,30,2.8452596961515737,3.1547403038484263
28000,30,2.8452596961515737,3.1547403038484263
28000,30,2.8452596961515737,3.1547403038484263
28000,30,2.8452596961515737,3.1547403038484263
28000,30,2.8452596961515737,3.1547403038484263
28000,30,2.8452596961515737,3.1547403038484263
28000,30,2.537909948091517,3.462090051908483
28000,30,2.537909948091517,3.462090051908483
28000,30,2.537909948091517,3.462090051908483
28000,30,2.537909948091517,3.462090051908483
28000,30,2.537909948091517,3.462090051908483
28000,30,2.537909948091517,3.462090051908483
28000,30,2.537909948091517,3.462090051908483
28000,30,2.537909948091517,3.462090051908483
28000,30,2.537909948091517,3.462090051908483
28000,30,2.537909948091517,3.462090051908483
28000,30,2.537909948091517,3.462090051908483
28000,30,2.537909948091517,3.462090051908483
28000,30,2.041534066200708,3.958465933799292
28000,30,2.041534066200708,3.958465933799292
28000,30,2.041534066200708,3.958465933799292
28000,30,2.041534066200708,3.958465933799292
28000,30,2.041534066200708,3.958465933799292
28000,30,2.041534066200708,3.958465933799292
28000,30,2.041534066200708,3.958465933799292
28000,30,2.041534066200708,3.958465933799292
28000,30,2.041534066200708,3.958465933799292
28000,30,2.041534066200708,3.958465933799292
28000,30,2.041534066200708,3.958465933799292
30000,28,2.0,4.0
30000,28,2.0,4.0
30000,28,2.0,4.0
30000,28,2.0,4.0
30000,28,2.0,4.0
30000,28,2.0,4.0
30000,28,2.0,4.0
30000,28,2.3431428538568637,3.6568571461431363
30000,28,2.3431428538568637,3.6568571461431363
30000,28,2.3431428538568637,3.6568571461431363
30000,28,2.3431428538568637,3.6568571461431363
30000,28,2.3431428538568637,3.6568571461431363
30000,28,2.3431428538568637,3.6568571461431363
30000,28,2.3431428538568637,3.6568571461431363
30000,28,2.3431428538568637,3.6568571461431363
30000,28,2.3431428538568637,3.6568571461431363
30000,28,2.3431428538568637,3.6568571461431363
30000,28,2.3431428538568637,3.6568571461431363
30000,28,2.3431428538568637,3.6568571461431363
30000,28,2.3431428538568637,3.6568571461431363
30000,28,2.7350417076177527,3.2649582923822473
30000,28,2.7350417076177527,3.2649582923822473
30000,28,2.7350417076177527,3.2649582923822473
30000,28,2.7350417076177527,3.2649582923822473
30000,28,2.7350417076177527,3.2649582923822473
30000,28,2.7350417076177527,3.2649582923822473
30000,28,2.7350417076177527,3.2649582923822473
30000,28,2.7350417076177527,3.2649582923822473
30000,28,2.7350417076177527,3.2649582923822473
30000,28,3.0493000462803077,2.9506999537196923
30000,28,3.0493000462803077,2.9506999537196923
30000,28,3.4172995306297276,2.5827004693702724
30000,28,3.4172995306297276,2.5827004693702724
30000,28,3.4172995306297276,2.5827004693702724
30000,28,3.4172995306297276,2.5827004693702724
30000,28,3.4172995306297276,2.5827004693702724
30000,28,3.917466719733193,2.082533280266807
30000,28,3.917466719733193,2.082533280266807
28000,30,4.0,2.0
28000,30,4.0,2.0
28000,30,4.0,2.0
28000,30,4.0,2.0
28000,30,4.0,2.0
28000,30,4.0,2.0
28000,30,3.4509005754084976,2.5490994245915024
28000,30,3.4509005754084976,2.5490994245915024
28000,30,2.8845514983762452,3.1154485016237548
28000,30,2.8845514983762452,3.1154485016237548
28000,30,2.8845514983762452,3.1154485016237548
28000,30,2.8845514983762452,3.1154485016237548
28000,30,2.8845514983762452,3.1154485016237548
28000,30,2.8845514983762452,3.1154485016237548
28000,30,2.8845514983762452,3.1154485016237548
28000,30,2.8845514983762452,3.1154485016237548
28000,30,2.8845514983762452,3.1154485016237548
28000,30,2.8845514983762452,3.1154485016237548
28000,30,2.8845514983762452,3.1154485016237548
28000,30,2.2914115583144623,3.7085884416855377
28000,30,2.2914115583144623,3.7085884416855377
28000,30,2.2914115583144623,3.7085884416855377
28000,30,2.2914115583144623,3.7085884416855377
30000,28,2.0,4.0
30000,28,2.0,4.0
30000,28,2.0,4.0
30000,28,2.0,4.0
30000,28,2.0,4.0
30000,28,2.0,4.0
30000,28,2.0,4.0
30000,28,2.0,4.0
30000,28,2.4167712446584986,3.5832287553415014
30000,28,2.4167712446584986,3.5832287553415014
30000,28,2.4167712446584986,3.5832287553415014
30000,28,2.4167712446584986,3.5832287553415014
30000,28,2.4167712446584986,3.5832287553415014
30000,28,2.4167712446584986,3.5832287553415014
30000,28,2.4167712446584986,3.5832287553415014
30000,28,2.4167712446584986,3.5832287553415014
30000,28,2.4167712446584986,3.5832287553415014
30000,28,2.4167712446584986,3.5832287553415014
30000,28,2.4167712446584986,3.5832287553415014
30000,28,2.7350018786264894,3.2649981213735106
30000,28,2.7350018786264894,3.2649981213735106
30000,28,2.7350018786264894,3.2649981213735106
30000,28,2.7350018786264894,3.2649981213735106
30000,28,2.7350018786264894,3.2649981213735106
30000,28,2.7350018786264894,3.2649981213735106
30000,28,3.2570344543877567,2.7429655456122433
30000,28,3.2570344543877567,2.7429655456122433
30000,28,3.2570344543877567,2.7429655456122433
30000,28,3.2570344543877567,2.7429655456122433
30000,28,3.825572374489358,2.174427625510642
30000,28,3.825572374489358,2.174427625510642
30000,28,3.825572374489358,2.174427625510642
28000,30,4.0,2.0
28000,30,4.0,2.0
28000,30,4.0,2.0
28000,30,4.0,2.0
28000,30,4.0,2.0
28000,30,4.0,2.0
28000,30,4.0,2.0
28000,30,4.0,2.0
28000,30,4.0,2.0
28000,30,4.0,2.0
28000,30,4.0,2.0
28000,30,4.0,2.0
28000,30,4.0,2.0
28000,30,4.0,2.0
28000,30,3.6486949413385976,2.3513050586614024
28000,30,3.6486949413385976,2.3513050586614024
28000,30,3.6486949413385976,2.3513050586614024
28000,30,3.6486949413385976,2.3513050586614024
28000,30,3.6486949413385976,2.3513050586614024
28000,30,3.6486949413385976,2.3513050586614024
28000,30,3.6486949413385976,2.3513050586614024
28000,30,3.6486949413385976,2.3513050586614024
28000,30,3.247014110920645,2.752985889079355
28000,30,3.247014110920645,2.752985889079355
28000,30,3.247014110920645,2.752985889079355
28000,30,3.247014110920645,2.752985889079355
28000,30,3.247014110920645,2.752985889079355
28000,30,3.247014110920645,2.752985889079355
28000,30,3.247014110920645,2.752985889079355
28000,30,3.247014110920645,2.752985889079355
28000,30,3.247014110920645,2.752985889079355
28000,30,3.247014110920645,2.752985889079355
28000,30,3.247014110920645,2.752985889079355
28000,30,3.247014110920645,2.752985889079355
28000,30,3.247014110920645,2.752985889079355
28000,30,2.8406187120155186,3.1593812879844814
28000,30,2.8406187120155186,3.1593812879844814
28000,30,2.8406187120155186,3.1593812879844814
28000,30,2.8406187120155186,3.1593812879844814
28000,30,2.8406187120155186,3.1593812879844814
28000,30,2.8406187120155186,3.1593812879844814
28000,30,2.5295471043931035,3.4704528956068965
28000,30,2.5295471043931035,3.4704528956068965
28000,30,2.5295471043931035,3.4704528956068965
28000,30,2.5295471043931035,3.4704528956068965
28000,30,2.5295471043931035,3.4704528956068965
28000,30,2.1211109334653786,3.8788890665346214
28000,30,2.1211109334653786,3.8788890665346214
28000,30,2.1211109334653786,3.8788890665346214
28000,30,2.1211109334653786,3.8788890665346214
28000,30,2.1211109334653786,3.8788890665346214
28000,30,2.1211109334653786,3.8788890665346214
30000,28,2.0,4.0
30000,28,2.0,4.0
30000,28,2.0,4.0
30000,28,2.0,4.0
30000,28,2.4717480152707143,3.5282519847292857
30000,28,2.4717480152707143,3.5282519847292857
30000,28,2.4717480152707143,3.5282519847292857
30000,28,2.4717480152707143,3.5282519847292857
30000,28,2.4717480152707143,3.5282519847292857
30000,28,2.4717480152707143,3.5282519847292857
30000,28,2.4717480152707143,3.5282519847292857
30000,28,2.4717480152707143,3.5282519847292857
30000,28,2.4717480152707143,3.5282519847292857
30000,28,2.4717480152707143,3.5282519847292857
30000,28,2.4717480152707143,3.5282519847292857
30000,28,2.4717480152707143,3.5282519847292857
30000,28,2.4717480152707143,3.5282519847292857
30000,28,2.4717480152707143,3.5282519847292857
30000,28,2.82400579776306,3.17599420223694
30000,28,2.82400579776306,3.17599420223694
30000,28,2.82400579776306,3.17599420223694
30000,28,3.1804009138115266,2.8195990861884734
30000,28,3.1804009138115266,2.8195990861884734
30000,28,3.1804009138115266,2.8195990861884734
30000,28,3.1804009138115266,2.8195990861884734
30000,28,3.1804009138115266,2.8195990861884734
30000,28,3.1804009138115266,2.8195990861884734
30000,28,3.1804009138115266,2.8195990861884734
30000,28,3.1804009138115266,2.8195990861884734
30000,28,3.1804009138115266,2.8195990861884734
30000,28,3.1804009138115266,2.8195990861884734
30000,28,3.7179516575896003,2.2820483424103997
30000,28,3.7179516575896003,2.2820483424103997
28000,30,4.0,2.0
28000,30,4.0,2.0
28000,30,4.0,2.0
28000,30,4.0,2.0
28000,30,4.0,2.0
28000,30,4.0,2.0
28000,30,4.0,2.0
28000,30,4.0,2.0
28000,30,4.0,2.0
28000,30,4.0,2.0
28000,30,4.0,2.0
28000,30,4.0,2.0
28000,30,4.0,2.0
28000,30,3.547897278608586,2.452102721391414
28000,30,3.547897278608586,2.452102721391414
28000,30,3.547897278608586,2.452102721391414
28000,30,3.547897278608586,2.452102721391414
28000,30,3.547897278608586,2.452102721391414
28000,30,3.547897278608586,2.452102721391414
28000,30,3.547897278608586,2.452102721391414
28000,30,3.085175052280638,2.914824947719362
28000,30,3.085175052280638,2.914824947719362
28000,30,3.085175052280638,2.914824947719362
28000,30,3.085175052280638,2.914824947719362
28000,30,3.085175052280638,2.914824947719362
28000,30,3.085175052280638,2.914824947719362
28000,30,3.085175052280638,2.914824947719362
28000,30,3.085175052280638,2.914824947719362
28000,30,3.085175052280638,2.914824947719362
28000,30,3.085175052280638,2.914824947719362
28000,30,3.085175052280638,2.914824947719362
28000,30,3.085175052280638,2.914824947719362
28000,30,3.085175052280638,2.914824947719362
28000,30,3.085175052280638,2.914824947719362
28000,30,2.568712902827392,3.431287097172608
28000,30,2.568712902827392,3.431287097172608
28000,30,2.568712902827392,3.431287097172608
28000,30,2.568712902827392,3.431287097172608
28000,30,2.568712902827392,3.431287097172608
28000,30,2.568712902827392,3.431287097172608
28000,30,2.10118200849728,3.89881799150272
28000,30,2.10118200849728,3.89881799150272
28000,30,2.10118200849728,3.89881799150272
28000,30,2.10118200849728,3.89881799150272
28000,30,2.10118200849728,3.89881799150272
30000,28,2.0,4.0
30000,28,2.0,4.0
30000,28,2.0,4.0
30000,28,2.0,4.0
30000,28,2.0,4.0
30000,28,2.0,4.0
30000,28,2.0,4.0
30000,28,2.0,4.0
30000,28,2.0,4.0
30000,28,2.0,4.0
30000,28,2.0,4.0
30000,28,2.0,4.0
30000,28,2.0,4.0
30000,28,2.4187660364922645,3.5812339635077355
30000,28,2.4187660364922645,3.5812339635077355
30000,28,2.4187660364922645,3.5812339635077355
30000,28,2.4187660364922645,3.5812339635077355
30000,28,2.4187660364922645,3.5812339635077355
30000,28,2.4187660364922645,3.5812339635077355
30000,28,2.7524695361765343,3.2475304638234657
30000,28,2.7524695361765343,3.2475304638234657
30000,28,2.7524695361765343,3.2475304638234657
30000,28,2.7524695361765343,3.2475304638234657
30000,28,2.7524695361765343,3.2475304638234657
30000,28,2.7524695361765343,3.2475304638234657
30000,28,2.7524695361765343,3.2475304638234657
30000,28,2.7524695361765343,3.2475304638234657
30000,28,2.7524695361765343,3.2475304638234657
30000,28,2.7524695361765343,3.2475304638234657
30000,28,3.067263750094086,2.932736249905914
30000,28,3.067263750094086,2.932736249905914
30000,28,3.067263750094086,2.932736249905914
30000,28,3.067263750094086,2.932736249905914
30000,28,3.067263750094086,2.932736249905914
30000,28,3.067263750094086,2.932736249905914
30000,28,3.067263750094086,2.932736249905914
30000,28,3.067263750094086,2.932736249905914
30000,28,3.067263750094086,2.932736249905914
30000,28,3.067263750094086,2.932736249905914
30000,28,3.067263750094086,2.932736249905914
30000,28,3.067263750094086,2.932736249905914
30000,28,3.067263750094086,2.932736249905914
30000,28,3.067263750094086,2.932736249905914
30000,28,3.527640964206292,2.472359035793708
30000,28,3.527640964206292,2.472359035793708
30000,28,3.527640964206292,2.472359035793708
30000,28,3.527640964206292,2.472359035793708
30000,28,3.8441954919495718,2.1558045080504282
30000,28,3.8441954919495718,2.1558045080504282
30000,28,3.8441954919495718,2.1558045080504282
30000,28,3.8441954919495718,2.1558045080504282
30000,28,3.8441954919495718,2.1558045080504282
30000,28,3.8441954919495718,2.1558045080504282
30000,28,3.8441954919495718,2.1558045080504282
30000,28,3.8441954919495718,2.1558045080504282
30000,28,3.8441954919495718,2.1558045080504282
30000,28,3.8441954919495718,2.1558045080504282
30000,28,3.8441954919495718,2.1558045080504282
30000,28,3.8441954919495718,2.1558045080504282
30000,28,3.8441954919495718,2.1558045080504282
30000,28,3.8441954919495718,2.1558045080504282
28000,30,4.0,2.0
28000,30,4.0,2.0
28000,30,4.0,2.0
28000,30,4.0,2.0
28000,30,4.0,2.0
28000,30,4.0,2.0
28000,30,4.0,2.0
28000,30,3.622308496592088,2.377691503407912
28000,30,3.622308496592088,2.377691503407912
28000,30,3.622308496592088,2.377691503407912
28000,30,3.622308496592088,2.377691503407912
28000,30,3.622308496592088,2.377691503407912
28000,30,3.21854666019434,2.78145333980566
28000,30,3.21854666019434,2.78145333980566
28000,30,2.819650686226802,3.180349313773198
28000,30,2.819650686226802,3.180349313773198
28000,30,2.819650686226802,3.180349313773198
28000,30,2.819650686226802,3.180349313773198
28000,30,2.3754315726203137,3.6245684273796863
28000,30,2.3754315726203137,3.6245684273796863
30000,28,2.0,4.0
30000,28,2.0,4.0
30000,28,2.0,4.0
30000,28,2.0,4.0
30000,28,2.0,4.0
30000,28,2.0,4.0
30000,28,2.5446539960218484,3.4553460039781516
30000,28,2.5446539960218484,3.4553460039781516
30000,28,2.5446539960218484,3.4553460039781516
30000,28,2.5446539960218484,3.4553460039781516
30000,28,2.5446539960218484,3.4553460039781516
30000,28,2.5446539960218484,3.4553460039781516
30000,28,2.5446539960218484,3.4553460039781516
30000,28,2.5446539960218484,3.4553460039781516
30000,28,3.139938687841932,2.860061312158068
30000,28,3.139938687841932,2.860061312158068
30000,28,3.139938687841932,2.860061312158068
30000,28,3.139938687841932,2.860061312158068
30000,28,3.6610301436960437,2.3389698563039563
30000,28,3.6610301436960437,2.3389698563039563
30000,28,3.6610301436960437,2.3389698563039563
30000,28,3.6610301436960437,2.3389698563039563
30000,28,3.6610301436960437,2.3389698563039563
30000,28,3.6610301436960437,2.3389698563039563
30000,28,3.6610301436960437,2.3389698563039563
30000,28,3.6610301436960437,2.3389698563039563
30000,28,3.6610301436960437,2.3389698563039563
30000,28,3.6610301436960437,2.3389698563039563
30000,28,3.6610301436960437,2.3389698563039563
28000,30,4.0,2.0
28000,30,4.0,2.0
28000,30,4.0,2.0
28000,30,4.0,2.0
28000,30,4.0,2.0
28000,30,4.0,2.0
28000,30,4.0,2.0
28000,30,4.0,2.0
28000,30,4.0,2.0
28000,30,4.0,2.0
28000,30,3.403721994543095,2.596278005456905
28000,30,3.403721994543095,2.596278005456905
28000,30,3.403721994543095,2.596278005456905
28000,30,3.403721994543095,2.596278005456905
28000,30,3.403721994543095,2.596278005456905
28000,30,2.95275433872267,3.04724566127733
28000,30,2.95275433872267,3.04724566127733
28000,30,2.95275433872267,3.04724566127733
28000,30,2.95275433872267,3.04724566127733
28000,30,2.95275433872267,3.04724566127733
28000,30,2.95275433872267,3.04724566127733
28000,30,2.95275433872267,3.04724566127733
28000,30,2.95275433872267,3.04724566127733
28000,30,2.95275433872267,3.04724566127733
28000,30,2.95275433872267,3.04724566127733
28000,30,2.95275433872267,3.04724566127733
28000,30,2.95275433872267,3.04724566127733
28000,30,2.95275433872267,3.04724566127733
28000,30,2.513282645351053,3.486717354648947
28000,30,2.513282645351053,3.486717354648947
28000,30,2.513282645351053,3.486717354648947
28000,30,2.0256594546907123,3.9743405453092877
28000,30,2.0256594546907123,3.9743405453092877
28000,30,2.0256594546907123,3.9743405453092877
30000,28,2.0,4.0
30000,28,2.0,4.0
30000,28,2.0,4.0
30000,28,2.0,4.0
30000,28,2.0,4.0
30000,28,2.0,4.0
30000,28,2.0,4.0
30000,28,2.0,4.0
30000,28,2.0,4.0
30000,28,2.0,4.0
30000,28,2.3666030413913166,3.6333969586086834
30000,28,2.3666030413913166,3.6333969586086834
30000,28,2.3666030413913166,3.6333969586086834
30000,28,2.3666030413913166,3.6333969586086834
30000,28,2.3666030413913166,3.6333969586086834
30000,28,2.3666030413913166,3.6333969586086834
30000,28,2.3666030413913166,3.6333969586086834
30000,28,2.3666030413913166,3.6333969586086834
30000,28,2.3666030413913166,3.6333969586086834
30000,28,2.3666030413913166,3.6333969586086834
30000,28,2.3666030413913166,3.6333969586086834
30000,28,2.3666030413913166,3.6333969586086834
30000,28,2.3666030413913166,3.6333969586086834
30000,28,2.3666030413913166,3.6333969586086834
30000,28,2.6906842905921575,3.3093157094078425
30000,28,2.6906842905921575,3.3093157094078425
30000,28,2.6906842905921575,3.3093157094078425
30000,28,2.6906842905921575,3.3093157094078425
30000,28,2.6906842905921575,3.3093157094078425
30000,28,2.6906842905921575,3.3093157094078425
30000,28,2.6906842905921575,3.3093157094078425
30000,28,2.6906842905921575,3.3093157094078425
30000,28,2.6906842905921575,3.3093157094078425
30000,28,2.6906842905921575,3.3093157094078425
30000,28,2.6906842905921575,3.3093157094078425
30000,28,2.6906842905921575,3.3093157094078425
30000,28,2.6906842905921575,3.3093157094078425
30000,28,2.6906842905921575,3.3093157094078425
30000,28,3.215427083568327,2.784572916431673
30000,28,3.215427083568327,2.784572916431673
30000,28,3.215427083568327,2.784572916431673
30000,28,3.583205681142882,2.416794318857118
30000,28,3.583205681142882,2.416794318857118
30000,28,3.583205681142882,2.416794318857118
30000,28,3.583205681142882,2.416794318857118
30000,28,3.583205681142882,2.416794318857118
30000,28,3.583205681142882,2.416794318857118
30000,28,3.583205681142882,2.416794318857118
28000,30,4.0,2.0
28000,30,4.0,2.0
28000,30,4.0,2.0
28000,30,4.0,2.0
28000,30,4.0,2.0
28000,30,4.0,2.0
28000,30,4.0,2.0
28000,30,4.0,2.0
28000,30,4.0,2.0
28000,30,4.0,2.0
28000,30,4.0,2.0
28000,30,4.0,2.0
28000,30,4.0,2.0
28000,30,3.4573351876471605,2.5426648123528395
28000,30,3.4573351876471605,2.5426648123528395
28000,30,3.4573351876471605,2.5426648123528395
28000,30,3.4573351876471605,2.5426648123528395
28000,30,3.4573351876471605,2.5426648123528395
28000,30,3.4573351876471605,2.5426648123528395
28000,30,3.4573351876471605,2.5426648123528395
28000,30,3.0460564079623698,2.9539435920376302
28000,30,3.0460564079623698,2.9539435920376302
28000,30,3.0460564079623698,2.9539435920376302
28000,30,2.5792521512728994,3.4207478487271006
28000,30,2.5792521512728994,3.4207478487271006
28000,30,2.5792521512728994,3.4207478487271006
28000,30,2.5792521512728994,3.4207478487271006
28000,30,2.5792521512728994,3.4207478487271006
28000,30,2.5792521512728994,3.4207478487271006
28000,30,2.5792521512728994,3.4207478487271006
28000,30,2.5792521512728994,3.4207478487271006
28000,30,2.5792521512728994,3.4207478487271006
28000,30,2.5792521512728994,3.4207478487271006
28000,30,2.5792521512728994,3.4207478487271006
28000,30,2.2076594824418816,3.7923405175581184
28000,30,2.2076594824418816,3.7923405175581184
28000,30,2.2076594824418816,3.7923405175581184
28000,30,2.2076594824418816,3.7923405175581184
28000,30,2.2076594824418816,3.7923405175581184
28000,30,2.2076594824418816,3.7923405175581184
28000,30,2.2076594824418816,3.7923405175581184
28000,30,2.2076594824418816,3.7923405175581184
30000,28,2.0,4.0
30000,28,2.0,4.0
30000,28,2.0,4.0
30000,28,2.3654262805100954,3.6345737194899046
30000,28,2.3654262805100954,3.6345737194899046
30000,28,2.3654262805100954,3.6345737194899046
30000,28,2.3654262805100954,3.6345737194899046
30000,28,2.825572722180507,3.174427277819493
30000,28,2.825572722180507,3.174427277819493
30000,28,2.825572722180507,3.174427277819493
30000,28,2.825572722180507,3.174427277819493
30000,28,2.825572722180507,3.174427277819493
30000,28,2.825572722180507,3.174427277819493
30000,28,2.825572722180507,3.174427277819493
30000,28,2.825572722180507,3.174427277819493
30000,28,2.825572722180507,3.174427277819493
30000,28,2.825572722180507,3.174427277819493
30000,28,2.825572722180507,3.174427277819493
30000,28,3.420809734962215,2.579190265037785
30000,28,3.420809734962215,2.579190265037785
30000,28,3.420809734962215,2.579190265037785
30000,28,3.420809734962215,2.579190265037785
30000,28,3.420809734962215,2.579190265037785
30000,28,3.420809734962215,2.579190265037785
30000,28,3.420809734962215,2.579190265037785
30000,28,3.420809734962215,2.579190265037785
30000,28,3.420809734962215,2.579190265037785
30000,28,3.420809734962215,2.579190265037785
30000,28,3.420809734962215,2.579190265037785
30000,28,3.420809734962215,2.579190265037785
30000,28,3.88742834621934,2.11257165378066
30000,28,3.88742834621934,2.11257165378066
30000,28,3.88742834621934,2.11257165378066
30000,28,3.88742834621934,2.11257165378066
30000,28,3.88742834621934,2.11257165378066
30000,28,3.88742834621934,2.11257165378066
30000,28,3.88742834621934,2.11257165378066
30000,28,3.88742834621934,2.11257165378066
30000,28,3.88742834621934,2.11257165378066
30000,28,3.88742834621934,2.11257165378066
30000,28,3.88742834621934,2.11257165378066
30000,28,3.88742834621934,2.11257165378066
30000,28,3.88742834621934,2.11257165378066
30000,28,3.88742834621934,2.11257165378066
28000,30,4.0,2.0
28000,30,4.0,2.0
28000,30,4.0,2.0
28000,30,4.0,2.0
28000,30,4.0,2.0
28000,30,4.0,2.0
28000,30,4.0,2.0
28000,30,4.0,2.0
28000,30,4.0,2.0
28000,30,4.0,2.0
28000,30,4.0,2.0
28000,30,4.0,2.0
28000,30,4.0,2.0
28000,30,4.0,2.0
28000,30,3.611558195371705,2.388441804628295
28000,30,3.611558195371705,2.388441804628295
28000,30,3.611558195371705,2.388441804628295
28000,30,3.611558195371705,2.388441804628295
28000,30,3.611558195371705,2.388441804628295
28000,30,3.611558195371705,2.388441804628295
28000,30,3.611558195371705,2.388441804628295
28000,30,3.611558195371705,2.388441804628295
28000,30,3.611558195371705,2.388441804628295
28000,30,3.030207004132729,2.969792995867271
28000,30,3.030207004132729,2.969792995867271
28000,30,3.030207004132729,2.969792995867271
28000,30,3.030207004132729,2.969792995867271
28000,30,3.030207004132729,2.969792995867271
28000,30,3.030207004132729,2.969792995867271
28000,30,3.030207004132729,2.969792995867271
28000,30,3.030207004132729,2.969792995867271
28000,30,3.030207004132729,2.969792995867271
28000,30,3.030207004132729,2.969792995867271
28000,30,3.030207004132729,2.969792995867271
28000,30,3.030207004132729,2.969792995867271
28000,30,3.030207004132729,2.969792995867271
28000,30,2.4757559702077336,3.5242440297922664
28000,30,2.4757559702077336,3.5242440297922664
28000,30,2.4757559702077336,3.5242440297922664
28000,30,2.4757559702077336,3.5242440297922664
28000,30,2.4757559702077336,3.5242440297922664
28000,30,2.4757559702077336,3.5242440297922664
28000,30,2.4757559702077336,3.5242440297922664
28000,30,2.4757559702077336,3.5242440297922664
28000,30,2.4757559702077336,3.5242440297922664
28000,30,2.4757559702077336,3.5242440297922664
28000,30,2.4757559702077336,3.5242440297922664
28000,30,2.4757559702077336,3.5242440297922664
28000,30,2.4757559702077336,3.5242440297922664
28000,30,2.161336049900715,3.838663950099285
28000,30,2.161336049900715,3.838663950099285
28000,30,2.161336049900715,3.838663950099285
28000,30,2.161336049900715,3.838663950099285
28000,30,2.161336049900715,3.838663950099285
28000,30,2.161336049900715,3.838663950099285
28000,30,2.161336049900715,3.838663950099285
28000,30,2.161336049900715,3.838663950099285
28000,30,2.161336049900715,3.838663950099285
28000,30,2.161336049900715,3.838663950099285
28000,30,2.161336049900715,3.838663950099285
28000,30,2.161336049900715,3.838663950099285
30000,28,2.0,4.0
30000,28,2.0,4.0
30000,28,2.0,4.0
30000,28,2.0,4.0
30000,28,2.0,4.0
30000,28,2.0,4.0
30000,28,2.0,4.0
30000,28,2.0,4.0
30000,28,2.0,4.0
30000,28,2.0,4.0
30000,28,2.476964803374053,3.523035196625947
30000,28,2.476964803374053,3.523035196625947
30000,28,2.476964803374053,3.523035196625947
30000,28,2.476964803374053,3.523035196625947
30000,28,2.476964803374053,3.523035196625947
30000,28,2.476964803374053,3.523035196625947
30000,28,2.476964803374053,3.523035196625947
30000,28,2.476964803374053,3.523035196625947
30000,28,2.476964803374053,3.523035196625947
30000,28,2.476964803374053,3.523035196625947
30000,28,2.476964803374053,3.523035196625947
30000,28,3.011023238508127,2.988976761491873
30000,28,3.011023238508127,2.988976761491873
30000,28,3.011023238508127,2.988976761491873
30000,28,3.011023238508127,2.988976761491873
30000,28,3.011023238508127,2.988976761491873
30000,28,3.011023238508127,2.988976761491873
30000,28,3.011023238508127,2.988976761491873
30000,28,3.011023238508127,2.988976761491873
30000,28,3.011023238508127,2.988976761491873
30000,28,3.011023238508127,2.988976761491873
30000,28,3.011023238508127,2.988976761491873
30000,28,3.011023238508127,2.988976761491873
30000,28,3.011023238508127,2.988976761491873
30000,28,3.522937017128151,2.477062982871849
30000,28,3.522937017128151,2.477062982871849
30000,28,3.522937017128151,2.477062982871849
30000,28,3.522937017128151,2.477062982871849
30000,28,3.522937017128151,2.477062982871849
30000,28,3.522937017128151,2.477062982871849
30000,28,3.522937017128151,2.477062982871849
30000,28,3.522937017128151,2.477062982871849
30000,28,3.522937017128151,2.477062982871849
30000,28,3.522937017128151,2.477062982871849
30000,28,3.522937017128151,2.477062982871849
30000,28,3.522937017128151,2.477062982871849
30000,28,3.8518957343738585,2.1481042656261415
30000,28,3.8518957343738585,2.1481042656261415
30000,28,3.8518957343738585,2.1481042656261415
30000,28,3.8518957343738585,2.1481042656261415
28000,30,4.0,2.0
28000,30,4.0,2.0
28000,30,4.0,2.0
28000,30,4.0,2.0
28000,30,4.0,2.0
28000,30,3.5217327387678687,2.4782672612321313
28000,30,3.5217327387678687,2.4782672612321313
28000,30,3.5217327387678687,2.4782672612321313
28000,30,3.5217327387678687,2.4782672612321313
28000,30,3.197571450251548,2.802428549748452
28000,30,3.197571450251548,2.802428549748452
28000,30,3.197571450251548,2.802428549748452
28000,30,3.197571450251548,2.802428549748452
28000,30,3.197571450251548,2.802428549748452
28000,30,3.197571450251548,2.802428549748452
28000,30,3.197571450251548,2.802428549748452
28000,30,3.197571450251548,2.802428549748452
28000,30,3.197571450251548,2.802428549748452
28000,30,3.197571450251548,2.802428549748452
28000,30,2.637244199153441,3.362755800846559
28000,30,2.637244199153441,3.362755800846559
28000,30,2.637244199153441,3.362755800846559
28000,30,2.637244199153441,3.362755800846559
28000,30,2.637244199153441,3.362755800846559
28000,30,2.637244199153441,3.362755800846559
28000,30,2.637244199153441,3.362755800846559
28000,30,2.243839597266725,3.756160402733275
28000,30,2.243839597266725,3.756160402733275
28000,30,2.243839597266725,3.756160402733275
30000,28,2.0,4.0
30000,28,2.0,4.0
30000,28,2.0,4.0
30000,28,2.0,4.0
30000,28,2.0,4.0
30000,28,2.0,4.0
30000,28,2.0,4.0
30000,28,2.549189646690946,3.450810353309054
30000,28,2.549189646690946,3.450810353309054
30000,28,2.549189646690946,3.450810353309054
30000,28,2.549189646690946,3.450810353309054
30000,28,2.549189646690946,3.450810353309054
30000,28,2.549189646690946,3.450810353309054
30000,28,2.549189646690946,3.450810353309054
30000,28,2.549189646690946,3.450810353309054
30000,28,2.549189646690946,3.450810353309054
30000,28,2.549189646690946,3.450810353309054
30000,28,2.96469806622132,3.03530193377868
30000,28,2.96469806622132,3.03530193377868
30000,28,2.96469806622132,3.03530193377868
30000,28,2.96469806622132,3.03530193377868
30000,28,2.96469806622132,3.03530193377868
30000,28,2.96469806622132,3.03530193377868
30000,28,2.96469806622132,3.03530193377868
30000,28,2.96469806622132,3.03530193377868
30000,28,2.96469806622132,3.03530193377868
30000,28,2.96469806622132,3.03530193377868
30000,28,3.2855307814849475,2.7144692185150525
30000,28,3.2855307814849475,2.7144692185150525
30000,28,3.2855307814849475,2.7144692185150525
30000,28,3.2855307814849475,2.7144692185150525
30000,28,3.2855307814849475,2.7144692185150525
30000,28,3.6399613148414014,2.3600386851585986
30000,28,3.6399613148414014,2.3600386851585986
30000,28,3.6399613148414014,2.3600386851585986
30000,28,3.6399613148414014,2.3600386851585986
28000,30,4.0,2.0
28000,30,4.0,2.0
28000,30,3.662884025493569,2.337115974506431
28000,30,3.662884025493569,2.337115974506431
28000,30,3.662884025493569,2.337115974506431
28000,30,3.662884025493569,2.337115974506431
28000,30,3.662884025493569,2.337115974506431
28000,30,3.662884025493569,2.337115974506431
28000,30,3.662884025493569,2.337115974506431
28000,30,3.662884025493569,2.337115974506431
28000,30,3.277637832029932,2.722362167970068
28000,30,3.277637832029932,2.722362167970068
28000,30,3.277637832029932,2.722362167970068
28000,30,3.277637832029932,2.722362167970068
28000,30,3.277637832029932,2.722362167970068
28000,30,3.277637832029932,2.722362167970068
28000,30,3.277637832029932,2.722362167970068
28000,30,3.277637832029932,2.722362167970068
28000,30,3.277637832029932,2.722362167970068
28000,30,3.277637832029932,2.722362167970068
28000,30,3.277637832029932,2.722362167970068
28000,30,3.277637832029932,2.722362167970068
28000,30,3.277637832029932,2.722362167970068
28000,30,3.277637832029932,2.722362167970068
28000,30,2.7172862120088634,3.2827137879911366
28000,30,2.7172862120088634,3.2827137879911366
28000,30,2.7172862120088634,3.2827137879911366
28000,30,2.7172862120088634,3.2827137879911366
28000,30,2.221967015572924,3.778032984427076
28000,30,2.221967015572924,3.778032984427076
28000,30,2.221967015572924,3.778032984427076
28000,30,2.221967015572924,3.778032984427076
30000,28,2.0,4.0
30000,28,2.0,4.0
30000,28,2.0,4.0
30000,28,2.0,4.0
30000,28,2.0,4.0
30000,28,2.0,4.0
30000,28,2.0,4.0
30000,28,2.0,4.0
30000,28,2.0,4.0
30000,28,2.4320337890273955,3.5679662109726045
30000,28,2.4320337890273955,3.5679662109726045
30000,28,2.4320337890273955,3.5679662109726045
30000,28,2.4320337890273955,3.5679662109726045
30000,28,2.4320337890273955,3.5679662109726045
30000,28,2.4320337890273955,3.5679662109726045
30000,28,2.4320337890273955,3.5679662109726045
30000,28,2.4320337890273955,3.5679662109726045
30000,28,2.4320337890273955,3.5679662109726045
30000,28,2.4320337890273955,3.5679662109726045
30000,28,2.4320337890273955,3.5679662109726045
30000,28,2.4320337890273955,3.5679662109726045
30000,28,2.747248396003175,3.252751603996825
30000,28,2.747248396003175,3.252751603996825
30000,28,2.747248396003175,3.252751603996825
30000,28,3.20043826944027,2.79956173055973
30000,28,3.20043826944027,2.79956173055973
30000,28,3.20043826944027,2.79956173055973
30000,28,3.20043826944027,2.79956173055973
30000,28,3.20043826944027,2.79956173055973
30000,28,3.20043826944027,2.79956173055973
30000,28,3.20043826944027,2.79956173055973
30000,28,3.5018698731480558,2.4981301268519442
30000,28,3.5018698731480558,2.4981301268519442
30000,28,3.5018698731480558,2.4981301268519442
30000,28,3.5018698731480558,2.4981301268519442
30000,28,3.5018698731480558,2.4981301268519442
30000,28,3.5018698731480558,2.4981301268519442
30000,28,3.984701648130074,2.015298351869926
30000,28,3.984701648130074,2.015298351869926
30000,28,3.984701648130074,2.015298351869926
30000,28,3.984701648130074,2.015298351869926
30000,28,3.984701648130074,2.015298351869926
30000,28,3.984701648130074,2.015298351869926
28000,30,4.0,2.0
28000,30,4.0,2.0
28000,30,4.0,2.0
28000,30,3.547417283656375,2.452582716343625
28000,30,3.547417283656375,2.452582716343625
28000,30,3.547417283656375,2.452582716343625
28000,30,3.547417283656375,2.452582716343625
28000,30,3.547417283656375,2.452582716343625
28000,30,3.244261511562493,2.755738488437507
28000,30,3.244261511562493,2.755738488437507
28000,30,3.244261511562493,2.755738488437507
28000,30,2.9268782007697243,3.0731217992302757
28000,30,2.9268782007697243,3.0731217992302757
28000,30,2.9268782007697243,3.0731217992302757
28000,30,2.470800569439697,3.529199430560303
28000,30,2.470800569439697,3.529199430560303
28000,30,2.470800569439697,3.529199430560303
28000,30,2.470800569439697,3.529199430560303
28000,30,2.470800569439697,3.529199430560303
28000,30,2.470800569439697,3.529199430560303
28000,30,2.470800569439697,3.529199430560303
28000,30,2.470800569439697,3.529199430560303
28000,30,2.470800569439697,3.529199430560303
28000,30,2.470800569439697,3.529199430560303
28000,30,2.470800569439697,3.529199430560303
28000,30,2.470800569439697,3.529199430560303
28000,30,2.470800569439697,3.529199430560303
30000,28,2.0,4.0
30000,28,2.0,4.0
30000,28,2.0,4.0
30000,28,2.0,4.0
30000,28,2.0,4.0
30000,28,2.0,4.0
30000,28,2.0,4.0
30000,28,2.5575987984970974,3.4424012015029026
30000,28,2.5575987984970974,3.4424012015029026
30000,28,2.980524271175961,3.019475728824039
30000,28,2.980524271175961,3.019475728824039
30000,28,3.4613876754599864,2.5386123245400136
30000,28,3.4613876754599864,2.5386123245400136
30000,28,3.4613876754599864,2.5386123245400136
30000,28,3.4613876754599864,2.5386123245400136
30000,28,3.4613876754599864,2.5386123245400136
30000,28,3.4613876754599864,2.5386123245400136
30000,28,3.4613876754599864,2.5386123245400136
30000,28,3.4613876754599864,2.5386123245400136
30000,28,3.4613876754599864,2.5386123245400136
30000,28,3.4613876754599864,2.5386123245400136
30000,28,3.4613876754599864,2.5386123245400136
30000,28,3.95148251184724,2.04851748815276
30000,28,3.95148251184724,2.04851748815276
30000,28,3.95148251184724,2.04851748815276
30000,28,3.95148251184724,2.04851748815276
30000,28,3.95148251184724,2.04851748815276
30000,28,3.95148251184724,2.04851748815276
30000,28,3.95148251184724,2.04851748815276
30000,28,3.95148251184724,2.04851748815276
